{
  "compile Counter (react)": 3515.8267119330367,
  "compile Counter (all 4 targets)": 4169.678968076912
}
